num_functions,cyclomatic_complexity,num_loops,num_function_calls,num_memory_allocations,num_pointer_operations,num_exp_math_operations,execution_time,power_mW
315,31,13,83,20,9,47,0,5601.0
328,30,16,97,20,11,53,0,1891.5
317,33,15,80,18,3,27,0,2880.3333333333335
348,29,14,107,8,21,29,0,10768.0
310,14,9,74,6,7,27,0,6901.5
324,16,10,84,6,17,69,0,5770.666666666667
312,25,16,79,12,21,45,0,7655.0
330,29,16,103,20,17,53,0,9651.5
311,18,6,77,10,9,37,0,4600.75
292,9,3,63,2,19,11,0,4690.0
344,33,16,102,18,11,81,0,9060.0
317,26,14,82,16,11,61,0,6193.0
297,14,9,56,6,7,57,0,4558.25
309,23,14,59,8,3,65,0,5506.0
299,22,12,63,12,5,33,0,13463.5
295,29,12,65,20,5,35,0,3446.0
349,34,16,109,18,9,57,0,3020.0
330,18,12,91,6,21,63,0,4130.0
349,19,12,109,8,17,71,0,15085.0
326,24,15,88,14,13,77,0,11254.0
338,32,13,103,16,11,25,0,7943.5
325,25,13,76,8,5,53,0,1210.0
335,14,7,94,2,19,53,0,2697.0
300,14,7,64,2,17,17,0,3564.25
311,22,12,72,8,9,23,0,4624.0
311,22,13,78,12,13,39,0,6484.5
320,19,8,72,4,9,55,0,4573.5
319,22,13,91,12,17,21,0,3592.25
299,12,6,56,4,5,55,0,1599.0
287,10,4,46,2,7,41,0,2429.5
319,33,15,79,16,9,43,0,5853.5
314,10,3,82,4,17,37,0,5301.0
288,11,2,45,2,3,35,0,1691.0
333,35,16,87,16,3,49,0,4712.5
311,20,10,70,6,7,21,0,5987.5
322,20,8,86,12,13,69,0,5286.0
347,29,12,115,18,15,57,0,1511.0
295,25,13,63,20,3,65,0,4734.0
335,18,8,98,8,15,53,0,5972.5
324,36,18,74,16,7,79,0,3122.5
310,18,10,64,2,17,53,0,2972.5
309,17,5,57,2,3,53,0,5932.5
347,24,8,114,12,21,51,0,4816.5
314,20,9,73,12,5,75,0,5593.0
323,16,8,84,4,21,55,0,4805.5
341,23,8,100,8,19,59,0,3444.5
315,29,15,79,14,15,41,0,1715.5
315,12,6,82,2,17,11,0,4463.0
331,19,10,90,4,17,37,0,5918.5
340,19,11,105,10,17,61,0,4578.333333333333
318,17,5,71,2,5,29,0,5269.0
318,17,10,65,2,3,59,0,4985.0
312,27,9,78,14,9,23,0,2240.5
317,18,11,84,10,21,67,0,3958.5
313,33,14,78,18,9,33,0,1742.0
297,20,12,69,10,19,19,0,6491.0
315,25,14,65,8,7,65,0,9797.0
297,14,11,51,2,7,47,0,3053.5
342,23,9,99,6,19,51,0,3911.0
333,32,11,105,20,19,47,0,5808.5
322,20,10,77,4,11,37,0,8647.0
336,29,13,97,12,15,39,0,3236.0
316,20,11,93,14,19,29,0,5599.5
347,27,13,96,8,11,71,0,5633.0
322,22,8,74,6,13,69,0,9746.5
342,33,17,106,18,17,63,0,6753.5
317,32,16,83,14,19,23,0,5093.5
321,23,11,97,18,21,63,0,5676.0
315,25,8,72,12,3,51,0,945.0
325,17,9,77,6,3,69,0,3491.0
319,20,11,74,8,9,71,0,5364.5
334,26,13,96,12,15,51,0,5911.0
295,22,13,60,12,7,33,0,3923.5
331,22,11,94,8,17,35,0,3823.3333333333335
312,27,12,83,20,13,65,0,2551.0
341,23,11,98,8,17,65,0,5752.0
299,11,5,66,4,9,13,0,7195.0
334,27,14,91,10,17,61,0,4737.0
290,17,8,60,10,15,37,0,2643.0
328,33,19,92,18,15,57,0,5478.0
326,25,13,79,6,11,39,0,5837.666666666667
340,21,8,97,4,19,43,0,6442.666666666667
305,17,8,84,14,21,41,0,5629.5
351,36,18,112,18,13,51,0,3069.0
323,20,10,74,2,19,65,0,4799.5
306,16,5,56,2,5,53,0,8134.0
325,15,9,92,6,19,39,0,4233.5
332,29,15,95,18,9,69,0,1782.5
297,19,7,62,10,7,31,0,5529.0
304,29,13,69,14,13,29,0,15022.0
321,15,7,86,8,17,65,0,454.0
343,27,14,111,16,15,49,0,4151.5
310,24,9,80,12,17,21,0,4104.5
315,30,14,78,16,9,43,0,6603.0
310,18,10,73,6,17,39,0,5716.0
301,19,6,72,10,15,19,0,4534.5
346,29,14,99,10,17,73,0,2164.0
332,30,16,91,16,13,79,0,6499.75
320,16,10,76,8,3,71,0,4496.5
324,23,11,75,6,7,51,0,6138.0
311,28,14,74,14,7,29,0,5769.333333333333
308,16,9,67,2,11,17,0,6159.0
320,24,14,86,12,21,57,0,1670.0
318,39,19,72,18,3,45,0,2683.5
305,19,12,71,10,17,55,0,5301.5
311,20,13,72,8,3,17,0,5869.0
315,18,9,68,4,9,55,0,2885.0
341,28,9,113,16,21,37,0,2902.0
331,24,13,95,16,11,79,0,5539.0
307,17,7,80,12,11,27,0,9925.0
282,13,8,36,2,3,41,0,3419.0
328,14,4,88,4,19,67,0,2861.0
317,26,14,81,18,5,69,0,5662.0
326,21,12,86,8,19,65,0,8522.0
318,32,14,83,20,3,41,0,5063.5
315,23,10,79,14,5,47,0,5764.0
294,18,9,63,14,5,47,0,5033.0
309,29,14,79,16,17,31,0,3854.0
318,26,10,84,18,5,57,0,6908.0
345,32,19,108,20,11,77,0,10505.0
312,20,9,86,14,19,47,0,9664.0
305,26,16,69,16,9,61,0,6359.0
319,16,6,78,6,15,69,0,6470.0
300,17,5,54,2,5,23,0,3421.5
362,35,18,127,20,19,71,0,7721.5
319,32,16,75,14,5,41,0,9983.0
301,24,10,59,10,9,49,0,5690.0
310,21,9,58,4,3,49,0,3512.0
317,19,9,89,16,17,79,0,4451.5
292,10,3,52,2,5,29,0,12397.0
280,17,9,50,8,15,17,0,4657.0
314,25,9,75,12,13,57,0,725.0
325,27,13,85,12,15,57,0,4663.5
345,26,14,103,12,13,69,0,12128.0
342,27,14,101,12,19,75,0,8111.0
328,35,16,91,20,3,35,0,3316.5
328,13,3,85,2,13,53,0,5844.0
312,21,10,80,14,19,77,0,9124.0
288,14,7,59,8,17,35,0,6355.25
313,9,3,77,2,21,59,0,5509.0
320,16,10,84,2,19,11,0,3174.0
323,22,12,72,4,3,37,0,11378.5
335,37,19,97,20,7,41,0,11154.0
336,27,14,115,20,21,41,0,5048.666666666667
328,19,8,83,6,13,69,0,5349.5
352,34,16,111,18,15,81,0,6921.0
304,23,13,59,10,3,55,0,4288.0
292,11,8,54,2,9,23,0,5724.0
302,25,12,70,16,5,31,0,5676.0
317,21,12,72,6,3,27,0,11830.0
336,32,14,88,16,3,79,0,3277.0
369,36,16,134,20,21,71,0,4624.0
339,19,12,102,4,19,19,0,8201.5
332,36,15,92,20,11,71,0,8593.5
307,16,5,60,4,7,61,0,3376.0
326,27,12,98,18,11,33,0,3928.3333333333335
321,29,17,80,14,9,53,0,6046.75
323,31,16,79,14,3,41,0,1745.0
323,23,15,80,12,5,69,0,5241.0
340,32,16,99,14,19,65,0,5878.0
303,13,3,58,2,7,47,0,2601.0
332,22,10,97,12,19,69,0,4214.5
275,20,9,48,16,3,25,0,5881.5
300,19,9,77,14,19,35,0,1591.0
334,17,8,92,4,17,55,0,2308.5
312,32,16,73,16,13,55,0,4763.5
305,12,6,58,2,7,65,0,5841.5
332,28,13,94,14,15,59,0,3406.0
318,24,12,70,10,5,73,0,4482.5
317,24,11,97,20,13,29,0,3505.5
306,18,8,66,2,17,17,0,5338.0
328,33,17,90,16,19,61,0,6016.0
308,27,14,73,20,5,77,0,14977.5
315,21,11,93,16,17,31,0,6049.0
309,11,4,74,6,17,69,0,4013.0
318,28,15,76,16,5,73,0,6348.5
343,28,16,102,14,11,65,0,10012.0
324,21,8,89,8,17,29,0,4115.0
327,17,7,79,4,5,55,0,5545.5
323,27,14,82,10,15,43,0,6364.0
346,34,19,110,20,19,83,0,9698.0
302,16,7,66,2,19,11,0,11978.0
329,18,9,98,12,19,69,0,5486.0
289,9,5,49,4,7,61,0,4675.0
329,17,7,95,12,9,63,0,1823.0
343,34,15,104,16,17,55,0,12063.5
314,22,9,73,8,11,41,0,9855.0
291,7,3,60,2,17,29,0,3367.5
320,22,11,101,18,21,39,0,2650.0
334,28,17,101,14,19,41,0,10632.0
306,22,12,60,4,15,43,0,3315.0
314,19,10,84,12,19,57,0,6115.0
301,33,18,60,16,5,37,0,5564.0
285,20,7,50,12,7,45,0,10218.0
335,16,9,101,8,17,53,0,9941.0
340,28,15,98,10,21,61,0,5520.0
293,16,10,49,2,9,29,0,3653.0
346,31,16,112,14,17,23,0,7941.0
284,20,9,47,10,5,31,0,10986.0
296,22,11,61,14,3,41,0,5406.0
343,20,6,104,8,17,59,0,4187.5
337,34,20,98,20,11,77,0,7745.75
310,27,14,58,10,3,73,0,4035.0
308,16,9,69,6,11,45,0,1582.5
312,30,14,71,14,5,35,0,5017.0
302,18,8,58,6,7,51,0,12178.5
301,25,12,78,20,15,47,0,6070.25
313,21,12,76,12,3,39,0,5312.0
315,20,8,78,12,9,63,0,5730.75
315,15,8,84,10,11,43,0,6699.0
300,20,10,79,16,19,37,0,3308.5
333,13,2,89,2,15,65,0,5424.0
325,30,16,91,16,21,61,0,7546.75
347,35,16,107,20,13,83,0,7104.0
288,29,16,53,16,5,25,0,2017.0
295,24,11,65,16,7,31,0,3467.5
320,33,16,74,12,11,45,0,7411.0
330,34,14,99,20,21,59,0,10218.0
351,28,13,106,8,21,59,0,6334.5
339,16,11,99,2,19,35,0,4818.75
312,26,15,82,18,15,63,0,13428.0
323,21,8,84,12,7,63,0,4580.666666666667
337,17,11,104,8,21,53,0,1553.5
300,18,7,58,4,15,43,0,6265.666666666667
296,12,7,55,2,7,29,0,9354.0
350,26,13,112,12,21,69,0,6227.0
343,33,14,108,20,11,59,0,3791.75
355,31,13,109,14,9,71,0,8973.0
314,21,10,77,8,15,35,0,6177.75
331,23,11,98,8,21,17,0,4994.75
306,20,8,59,4,7,37,0,12376.5
312,23,12,77,14,7,47,0,6327.75
322,25,10,84,14,13,71,0,4311.0
361,38,18,122,18,19,57,0,1486.5
308,26,13,80,16,17,37,0,12560.5
320,19,7,69,2,9,53,0,8729.5
316,36,17,80,20,9,41,0,5395.0
292,14,5,62,4,21,13,0,1861.5
293,16,10,56,8,5,35,0,9947.0
274,16,8,40,10,3,31,0,9963.0
299,22,12,71,14,19,47,0,3402.0
331,16,5,81,2,9,65,0,3095.5
347,34,14,110,18,15,57,0,7946.5
340,31,16,96,14,13,71,0,8464.333333333334
299,17,11,53,2,3,17,0,5063.666666666667
312,15,8,68,4,13,67,0,6894.0
288,18,6,59,10,13,19,0,10214.0
325,19,11,91,8,17,35,0,5634.0
355,35,18,114,16,21,73,0,3077.5
313,13,8,65,2,3,53,0,5203.333333333333
319,41,20,76,20,7,47,0,10338.0
311,21,9,69,10,9,67,0,6386.0
319,19,10,90,14,17,65,0,6299.5
329,31,11,88,20,3,83,0,2079.5
318,23,12,78,8,15,41,0,13496.0
330,31,14,90,18,3,57,0,13195.0
298,30,15,59,16,3,37,0,1418.0
360,39,19,118,20,15,77,0,3859.0
322,27,14,83,12,9,33,0,8426.0
312,17,7,73,10,3,55,0,12320.0
334,34,15,97,18,15,57,0,4017.25
297,14,7,66,10,13,55,0,774.0
333,29,15,90,10,19,55,0,10595.0
311,25,14,73,16,7,73,0,7761.0
314,35,15,77,18,7,27,0,4805.0
317,34,13,85,20,11,35,0,1329.5
328,28,14,91,14,13,47,0,5338.0
309,21,13,78,8,21,17,0,12680.0
331,19,9,84,2,7,23,0,3722.0
310,20,5,74,8,11,23,0,2967.0
345,31,16,115,16,21,31,0,4822.5
332,30,12,94,18,9,69,0,9836.0
300,16,6,76,10,19,19,0,5807.5
306,9,6,73,2,15,23,0,7108.0
324,17,8,76,2,13,59,0,7690.5
310,30,11,78,16,15,31,0,8375.0
318,14,5,75,4,11,61,0,4745.5
329,28,13,96,16,19,61,0,4438.0
308,18,11,67,4,17,43,0,10070.0
312,26,14,65,8,11,53,0,3083.5
319,24,15,79,14,3,59,0,5498.0
318,37,19,79,20,5,41,0,4773.5
326,28,9,97,16,17,31,0,11820.0
319,35,17,79,18,3,33,0,11417.0
357,31,16,121,18,17,75,0,5697.0
306,17,9,67,10,7,67,0,3760.0
337,35,18,104,20,21,65,0,12862.0
324,27,11,89,16,13,61,0,3248.5
345,34,16,105,18,9,57,0,5352.5
301,28,15,56,10,3,25,0,5903.5
277,17,7,46,12,5,33,0,13505.0
357,24,12,110,6,17,63,0,4640.5
324,33,15,90,20,7,41,0,4652.0
345,32,15,95,12,9,69,0,3434.0
331,21,8,99,14,13,59,0,9601.666666666666
283,20,11,35,2,3,11,0,3565.5
314,21,12,60,4,5,67,0,2910.3333333333335
317,35,18,75,20,3,65,0,12771.5
282,20,9,54,16,5,37,0,5501.0
316,29,16,75,12,11,39,0,4567.0
307,16,3,59,4,5,61,0,2660.5
348,28,17,107,14,15,77,0,10315.75
326,40,19,82,20,7,59,0,886.0
293,27,12,55,16,3,49,0,4361.0
329,35,15,99,20,19,41,0,5950.0
328,28,12,85,12,15,69,0,9215.0
300,18,9,73,14,17,59,0,3409.5
345,32,17,107,14,15,35,0,3513.75
312,17,10,68,2,11,29,0,5359.0
332,34,13,98,20,11,47,0,6897.0
322,27,15,87,20,5,77,0,5511.0
316,28,12,75,16,7,73,0,5917.5
320,24,10,84,10,13,25,0,6737.0
326,29,15,95,20,15,71,0,9334.0
347,25,11,112,16,13,73,0,5416.0
309,22,14,60,8,3,65,0,4128.0
327,30,18,88,16,7,49,0,2220.5
329,30,11,93,16,13,49,0,14900.0
333,30,12,98,18,17,75,0,5316.5
304,21,12,76,14,19,53,0,5358.0
306,25,12,75,16,13,49,0,8313.5
312,18,8,70,8,7,59,0,11668.0
312,25,13,92,18,21,27,0,2485.0
296,17,12,53,6,5,45,0,4049.0
313,15,6,77,4,11,13,0,7532.0
329,27,12,93,18,3,57,0,10487.0
301,16,8,65,8,9,41,0,4859.75
278,14,6,44,6,7,15,0,3352.0
321,15,4,75,4,3,49,0,7128.5
306,16,7,65,4,7,25,0,10967.5
344,25,10,113,16,21,73,0,5384.5
321,15,8,77,6,5,63,0,3791.0
329,25,13,78,6,13,69,0,10486.0
333,29,16,91,12,13,51,0,5187.0
325,17,7,89,6,13,27,0,6793.0
293,12,7,55,2,11,23,0,6316.333333333333
305,14,9,66,6,13,63,0,7145.5
329,22,10,86,6,17,51,0,10699.0
344,29,17,113,18,19,63,0,4196.5
333,29,11,92,16,11,79,0,6356.0
306,10,3,67,2,9,35,0,6034.5
334,24,11,89,4,19,37,0,3171.0
333,15,7,99,6,17,39,0,3156.5
302,19,9,56,4,7,37,0,5886.0
301,20,10,59,2,17,17,0,5299.0
306,12,4,70,6,15,63,0,1831.5
330,30,11,101,20,13,47,0,5007.5
326,34,18,82,18,3,63,0,6000.0
327,31,13,88,18,9,69,0,2490.5
329,19,11,79,4,5,55,0,2697.5
324,34,17,77,14,5,47,0,6435.5
298,10,3,64,2,17,29,0,6299.5
320,15,8,89,8,17,41,0,5863.5
319,14,3,72,4,3,61,0,3796.5
309,31,18,70,16,5,37,0,10165.25
314,22,12,88,16,15,43,0,85.0
287,17,8,62,14,11,35,0,3735.5
293,12,4,58,6,11,45,0,8840.0
347,33,16,107,12,17,27,0,7503.0
315,18,8,72,6,13,63,0,2612.0
331,26,10,105,18,19,51,0,5374.5
333,38,18,97,18,19,39,0,5887.0
322,22,12,89,12,21,63,0,11880.0
305,22,12,81,16,17,37,0,5161.5
311,7,3,72,2,13,65,0,5824.0
319,22,11,72,6,9,51,0,5289.0
318,24,14,82,16,7,67,0,7159.333333333333
305,24,10,68,14,7,53,0,4556.5
321,29,11,100,20,21,29,0,2161.5
347,32,13,109,16,17,61,0,6798.75
299,18,8,78,14,19,29,0,1550.0
321,25,11,72,6,5,33,0,4891.5
310,14,7,76,8,5,29,0,4413.75
305,11,4,69,4,11,37,0,11745.0
322,36,15,86,20,11,47,0,5776.0
296,18,9,59,8,11,41,0,220.0
324,33,14,87,20,11,71,0,5573.0
304,21,8,74,14,17,59,0,5842.0
314,23,15,75,12,5,45,0,4825.5
337,17,9,93,2,17,47,0,4864.25
321,17,5,78,4,19,67,0,5977.0
302,18,5,63,4,15,25,0,5381.666666666667
316,14,4,75,2,7,17,0,4946.0
287,12,3,52,4,11,25,0,2059.5
325,17,6,98,10,21,37,0,7693.0
335,37,17,103,20,21,47,0,8228.0
318,22,11,77,6,13,27,0,493.0
331,29,14,96,12,19,27,0,4433.5
330,26,13,85,12,9,75,0,6003.5
300,25,13,65,16,5,49,0,6619.0
334,33,16,104,18,19,33,0,2176.5
301,18,8,67,8,15,35,0,3660.75
336,27,13,92,8,19,53,0,274.0
334,32,11,100,20,17,77,0,5902.0
310,31,15,73,14,11,23,0,5985.5
337,35,19,102,18,21,57,0,3849.5
311,21,10,77,12,15,57,0,2570.5
313,28,13,65,8,9,41,0,10217.0
334,31,13,90,14,3,41,0,5825.0
320,28,16,73,12,3,57,0,3571.5
334,28,12,87,10,7,49,0,1690.5
296,15,6,65,10,5,25,0,11724.0
335,21,6,94,10,11,67,0,4659.0
322,20,7,81,4,17,31,0,5552.0
329,26,13,102,16,21,43,0,5845.5
302,27,15,61,12,3,27,0,7547.0
281,9,6,42,2,3,23,0,4573.5
310,23,11,78,10,19,25,0,5892.5
305,16,7,60,2,13,47,0,6104.0
310,22,14,80,12,13,21,0,8011.0
315,22,10,72,4,15,25,0,3454.5
315,24,9,77,10,15,43,0,4177.5
298,15,11,56,4,7,37,0,6007.0
309,23,9,71,12,7,45,0,8882.5
308,18,12,71,6,9,15,0,4791.0
319,31,11,90,20,19,59,0,2103.5
305,30,14,60,12,3,33,0,4766.0
337,24,12,85,4,9,49,0,7600.5
335,21,11,94,6,17,45,0,5354.0
311,26,13,88,18,21,39,0,6067.5
279,10,3,41,2,5,17,0,3123.0
320,33,14,81,16,9,37,0,12456.0
335,30,11,111,20,17,29,0,5752.5
295,12,3,55,4,3,31,0,5195.0
319,18,11,80,8,15,65,0,2672.5
332,31,17,98,20,11,65,0,7625.5
304,16,8,64,10,3,67,0,5592.0
301,31,13,67,16,11,25,0,4686.0
323,24,11,76,6,19,69,0,3435.0
330,19,7,82,4,9,55,0,6962.5
308,17,12,59,4,7,67,0,8654.0
290,16,9,54,6,9,21,0,5634.0
305,14,6,64,4,7,37,0,4716.0
286,24,12,57,16,9,31,0,2088.0
301,24,13,71,12,17,21,0,6742.0
322,31,15,81,10,21,37,0,6012.0
307,19,10,76,12,11,39,0,2292.0
308,23,14,72,10,11,25,0,3795.5
284,13,8,49,4,11,19,0,12887.0
306,16,6,63,6,9,63,0,9845.0
321,9,4,90,4,19,43,0,9611.0
293,24,11,50,6,9,15,0,5765.0
317,21,14,84,10,13,25,0,5029.5
313,26,14,70,8,13,35,0,5860.5
339,25,10,101,12,17,63,0,6202.0
355,27,13,108,6,17,45,0,4544.333333333333
317,29,12,78,16,3,43,0,3960.0
343,35,17,106,20,13,65,0,2664.5
306,9,2,64,2,5,47,0,4272.666666666667
336,25,10,98,12,19,69,0,5986.5
316,28,14,91,18,19,33,0,5319.0
294,10,4,58,4,13,49,0,1675.0
348,34,18,109,20,7,65,0,2924.6666666666665
327,34,14,87,18,5,45,0,2293.0
307,14,8,61,4,7,67,0,5001.5
313,23,10,84,16,9,37,0,7120.5
352,28,13,117,12,21,39,0,4156.25
325,12,5,94,6,21,51,0,5030.0
308,16,6,70,8,9,53,0,3884.25
312,15,7,82,8,19,41,0,3319.0
298,17,11,54,2,7,17,0,1835.5
325,18,8,86,4,19,37,0,5721.5
292,9,3,57,4,5,25,0,5939.0
299,22,7,58,10,3,37,0,1797.5
307,23,11,77,18,11,69,0,1907.5
332,21,11,100,16,11,73,0,5088.0
342,35,19,106,18,13,39,0,4882.0
345,31,15,103,14,17,71,0,6414.0
326,22,13,85,6,19,45,0,5613.0
302,29,13,55,10,3,31,0,2651.5
326,26,12,90,10,19,31,0,2820.3333333333335
322,36,17,83,20,3,41,0,3098.0
318,32,15,77,16,7,49,0,1632.5
310,13,9,70,2,11,29,0,4891.5
349,19,5,111,6,21,51,0,6057.0
329,25,13,98,12,21,33,0,3476.0
294,24,9,55,10,5,19,0,2166.0
308,27,12,76,18,5,39,0,4038.5
329,27,11,90,12,11,39,0,6234.0
327,26,13,96,18,17,75,0,4931.5
285,9,3,54,4,9,13,0,1719.5
344,26,10,97,12,5,75,0,4989.0
316,23,8,82,12,7,21,0,5441.0
319,20,10,86,12,15,57,0,2303.0
323,25,15,87,14,15,65,0,2124.5
303,24,9,57,10,5,61,0,5522.0
293,11,7,56,4,3,19,0,8813.0
298,24,11,74,20,15,59,0,469.0
333,30,18,99,16,13,37,0,3622.5
307,17,12,69,6,7,21,0,5850.5
333,32,14,101,18,11,27,0,4476.5
308,19,10,83,14,17,41,0,2326.5
331,36,17,94,18,11,33,0,5866.5
294,13,5,60,2,17,11,0,6380.5
326,30,10,96,18,13,33,0,5367.333333333333
327,19,12,83,8,9,71,0,4796.5
288,23,11,58,14,9,23,0,2217.0
320,33,15,83,14,17,29,0,5299.0
310,28,15,75,16,5,31,0,5658.0
338,25,11,88,8,9,71,0,3078.5
317,21,10,69,4,5,31,0,5841.5
308,19,9,79,12,13,33,0,7084.333333333333
306,30,17,70,14,11,23,0,5984.0
314,16,7,73,4,9,31,0,5206.25
294,14,10,50,2,5,29,0,5559.0
324,19,10,91,12,19,75,0,978.0
309,27,11,73,16,5,43,0,5363.0
326,37,20,92,20,11,29,0,6723.0
314,32,15,81,20,5,35,0,929.0
319,10,4,87,6,17,57,0,4472.0
332,24,12,87,8,15,65,0,6647.5
308,11,5,79,6,19,39,0,2490.0
312,24,14,66,10,3,55,0,2143.0
296,15,7,59,6,9,33,0,5457.0
313,26,16,87,16,17,25,0,6385.666666666667
316,16,5,87,8,21,35,0,3080.0
316,28,13,84,14,15,23,0,2137.5
302,21,11,57,6,5,33,0,15254.0
290,18,10,51,10,5,55,0,16286.0
316,19,8,74,8,7,53,0,11930.75
344,38,20,108,20,19,59,0,5450.0
309,22,11,76,14,9,47,0,4138.0
327,33,18,86,18,7,63,0,2785.5
307,23,13,68,12,5,45,0,9732.5
334,34,17,96,16,19,55,0,10823.0
300,12,8,65,4,17,43,0,5373.0
312,27,11,76,10,17,19,0,3056.0
318,18,7,80,2,21,17,0,4341.75
310,18,12,68,8,9,65,0,11764.0
319,23,9,70,6,5,45,0,3376.0
303,22,9,75,12,21,33,0,3603.0
327,12,6,98,8,19,53,0,6207.0
305,31,19,68,18,3,39,0,3959.0
311,27,13,78,14,13,29,0,3639.25
309,11,5,73,2,13,23,0,2437.0
335,28,11,93,12,13,57,0,2321.5
305,21,10,60,6,7,39,0,6135.5
307,23,10,70,16,3,67,0,7861.0
304,11,4,76,6,19,33,0,3421.0
312,23,8,76,14,7,53,0,3093.0
318,27,17,86,16,19,61,0,4425.0
322,32,20,91,20,11,41,0,4768.0
299,22,7,58,10,5,43,0,11576.0
297,23,11,64,12,13,33,0,6467.0
314,27,10,84,18,15,57,0,3314.0
298,13,6,54,4,7,61,0,6033.0
288,16,5,54,8,9,29,0,7983.0
322,26,14,81,10,13,43,0,1560.0
312,14,7,73,2,17,35,0,4269.5
334,20,10,87,4,11,49,0,5932.0
344,38,20,105,20,17,71,0,5056.0
305,14,6,63,4,9,49,0,3050.5
335,37,17,86,18,5,81,0,5914.5
333,13,7,92,2,17,53,0,6875.5
310,9,3,76,4,13,43,0,3777.75
329,16,10,88,6,13,63,0,5598.0
321,23,11,78,8,15,59,0,2676.0
298,22,11,72,14,15,23,0,9446.0
307,28,12,75,14,15,23,0,5998.0
336,30,14,94,10,11,19,0,168.0
304,23,12,77,14,15,23,0,3971.0
346,37,20,114,20,21,47,0,3913.0
323,24,9,94,16,17,55,0,5502.0
302,27,14,77,20,9,29,0,6051.0
294,14,4,52,4,13,61,0,4762.0
305,19,8,66,12,3,63,0,2134.0
326,23,8,88,14,9,71,0,6369.0
313,30,17,76,18,11,69,0,7073.0
330,27,13,80,6,13,51,0,2685.5
340,22,12,111,16,21,79,0,5619.5
339,26,12,112,18,21,63,0,6859.0
316,34,18,74,16,9,49,0,4328.333333333333
326,24,10,79,8,3,41,0,4440.0
322,25,14,80,10,11,49,0,1860.5
352,30,15,108,12,19,75,0,6001.0
349,32,17,112,16,13,43,0,11232.25
296,20,8,63,14,7,53,0,13776.0
316,15,6,81,6,9,21,0,9837.0
343,21,6,108,10,21,61,0,4165.0
310,19,7,66,6,5,39,0,5746.5
307,16,8,69,4,19,43,0,6023.666666666667
307,19,9,79,14,13,47,0,5969.5
310,23,10,83,18,11,51,0,2721.5
351,34,19,118,20,21,71,0,3236.5
346,19,7,108,8,19,65,0,5823.0
321,14,4,79,4,7,43,0,5673.0
321,21,11,85,10,11,37,0,3500.75
322,32,11,88,20,15,71,0,3788.0
294,11,5,65,8,7,23,0,2067.0
313,18,9,70,8,3,53,0,6857.0
313,32,18,88,20,19,29,0,12923.0
311,16,8,83,12,17,57,0,10141.0
314,18,11,81,10,21,67,0,2362.5
323,27,17,91,16,19,61,0,4389.5
302,17,12,64,6,5,15,0,4391.0
304,17,5,67,4,19,31,0,5768.5
341,32,13,103,16,21,73,0,4493.75
305,14,9,64,2,9,23,0,5315.0
339,29,14,95,10,7,25,0,5855.0
320,20,8,84,8,21,53,0,2443.5
301,23,9,67,14,5,35,0,5482.5
299,22,6,60,10,3,25,0,5506.0
312,29,10,73,18,3,63,0,8397.5
339,28,13,113,16,21,25,0,12334.0
309,20,12,73,8,11,23,0,5311.0
333,38,18,86,20,5,83,0,4764.0
312,15,5,75,6,15,51,0,1574.0
325,23,10,89,10,17,43,0,10555.5
273,7,3,41,4,3,13,0,8569.0
324,40,19,79,20,9,71,0,3865.75
344,35,15,101,20,7,83,0,4598.0
315,22,12,86,16,17,67,0,13552.0
304,14,7,64,8,7,71,0,6438.5
319,22,8,89,12,19,39,0,5825.0
315,19,10,83,12,7,33,0,3038.5
300,19,6,63,8,13,41,0,7357.5
290,10,2,45,2,3,53,0,5775.5
316,26,12,64,6,5,45,0,5077.5
349,33,19,107,18,11,81,0,1716.5
311,23,11,59,6,3,57,0,4401.5
326,27,11,94,18,11,57,0,8539.0
316,16,6,75,2,17,35,0,3676.5
347,37,20,117,20,19,29,0,2456.5
311,10,7,79,2,19,23,0,5877.0
353,22,11,115,10,21,73,0,11588.0
333,9,6,95,2,19,65,0,4856.0
320,32,13,92,20,15,35,0,4424.0
314,20,5,76,8,9,29,0,5407.5
310,16,11,65,2,11,41,0,9626.0
317,29,14,79,16,9,55,0,1564.0
303,13,2,63,2,9,23,0,3813.5
311,26,12,81,18,3,27,0,5828.5
337,29,11,96,18,3,75,0,5548.5
300,19,9,71,14,7,35,0,4418.5
320,23,12,83,14,5,53,0,2150.5
301,13,5,58,2,7,35,0,3261.0
318,18,13,82,6,17,33,0,5876.0
324,29,14,81,10,11,31,0,5916.0
327,16,11,88,6,15,57,0,2717.5
302,22,10,72,10,21,25,0,3110.5
296,12,2,52,2,7,47,0,5916.5
327,28,11,92,12,17,27,0,8937.5
313,19,11,81,12,7,33,0,4279.666666666667
315,34,17,75,16,9,37,0,3648.3333333333335
334,22,9,81,4,9,67,0,4434.0
308,26,10,81,18,11,33,0,6915.0
336,24,11,102,14,21,77,0,5725.0
336,28,12,91,14,7,77,0,4412.0
317,26,12,80,14,9,47,0,2999.6666666666665
326,28,12,91,12,17,27,0,10991.5
333,19,11,91,4,11,25,0,13161.0
329,28,13,88,10,21,55,0,12676.0
303,13,7,70,6,9,21,0,11145.5
312,20,7,71,4,19,37,0,7581.5
323,31,19,84,18,7,63,0,15131.0
322,25,11,94,18,7,33,0,3691.5
329,30,17,89,14,11,47,0,3603.0
303,12,5,59,2,11,59,0,5550.0
304,17,7,69,4,17,13,0,5241.5
307,25,13,64,12,3,51,0,1863.5
334,16,11,95,4,19,49,0,3527.5
306,17,5,64,8,7,65,0,5956.0
294,11,5,58,8,3,53,0,4428.0
324,18,9,83,8,13,71,0,3932.0
335,29,16,93,14,11,65,0,1625.0
304,24,8,65,10,5,19,0,3992.5
